url,label
http://secure.banking-update-secure-auth-login-check.com/verify/@account/update,1
https://support.trello.com/docs/v2/api,0
http://secure.unusual-activity-flag-192.168.1.105/login.php?user=admin&token=89234892,1
http://update.paypal-security-alert-microsoft365-online-portal.info/verify/@account/update,1
https://blog.trello.com/help/center,0
http://auth.banking-update-10.0.4.12/login.php?user=admin&token=89234892,1
http://auth.confirm-identity-secure-auth-login-check.com/banking/validate-ssn.html,1
https://www.reddit.com/blog/post/2026/09,0
https://api.chase.com/settings/security,0
http://auth.wallet-validation-bankofamerica-secure-login.xyz/banking/validate-ssn.html,1
https://blog.wordpress.org/products/category/item?id=4920,0
https://251.50.94.222/secure/auth.php?id=9201940&session=active,1
http://account.microsoft-online-auth-10.0.4.12/claim/free-tokens/@user,1
https://105.254.214.42/secure/auth.php?id=9201940&session=active,1
https://google.com/search?q=cybersecurity,0
https://api.google.com/dashboard/main,0
http://35.113.100.92/verify/@account/update,1
http://account.confirm-identity-bankofamerica-secure-login.xyz/secure/auth.php?id=9201940&session=active,1
https://m.bankofamerica.com/help/center,0
http://account.webmail-login-portal-chase-account-validation.top/webmail/login?redirect=external,1
https://api.apple.com/contact,0
https://account.unusual-activity-flag-verify-your-credentials-now.tech/claim/free-tokens/@user,1
https://blog.github.com/dashboard/main,0
http://update.support-ticket-update-microsoft365-online-portal.info/secure/auth.php?id=9201940&session=active,1
https://5.97.133.125/claim/free-tokens/@user,1
http://197.11.244.244/secure/auth.php?id=9201940&session=active,1
http://login.free-gift-claim-appleid-verify-service.org/verify/@account/update,1
http://auth.banking-update-appleid-verify-service.org/login.php?user=admin&token=89234892,1
https://login.support-ticket-update-account-recovery-portal-2026.online/banking/validate-ssn.html,1
https://www.amazon.com,0
https://www.zoom.us/login,0
https://www.apple.com/blog/post/2026/09,0
https://api.twitter.com/docs/v2/api,0
https://blog.cloudflare.com/settings/security,0
https://auth.apple-id-recovery-account-recovery-portal-2026.online/webmail/login?redirect=external,1
http://52.142.164.57/claim/free-tokens/@user,1
https://www.chase.com,0
https://support.apple.com,0
http://verify.unusual-activity-flag-10.0.4.12/webmail/login?redirect=external,1
https://m.bankofamerica.com/search?q=cybersecurity,0
https://api.amazon.com/login,0
https://support.trello.com/docs/v2/api,0
http://secure.confirm-identity-appleid-verify-service.org/verify/@account/update,1
https://www.github.com/,0
http://account.free-gift-claim-verify-your-credentials-now.tech/auth/checkpoint?usr=victim@example.com,1
http://login.microsoft-online-auth-chase-account-validation.top/claim/free-tokens/@user,1
http://verify.apple-id-recovery-192.168.1.105/claim/free-tokens/@user,1
https://verify.unusual-activity-flag-verify-your-credentials-now.tech/login.php?user=admin&token=89234892,1
http://verify.account-verify-login-banking-security-update.club/banking/validate-ssn.html,1
https://api.stackoverflow.com/products/category/item?id=4920,0
http://auth.free-gift-claim-microsoft365-online-portal.info/webmail/login?redirect=external,1
https://m.adobe.com/products/category/item?id=4920,0
https://m.cloudflare.com/user/profile,0
https://support.medium.com/search?q=cybersecurity,0
https://support.paypal.com/dashboard/main,0
http://account.wallet-validation-bankofamerica-secure-login.xyz/login.php?user=admin&token=89234892,1
https://m.wellsford.com/user/profile,0
http://73.204.22.251/banking/validate-ssn.html,1
https://www.instagram.com,0
https://www.dropbox.com/search?q=cybersecurity,0
https://zoom.us,0
http://account.ssn-verification-required-verify-your-credentials-now.tech/verify/@account/update,1
http://verify.confirm-identity-paypal-account-update-alert.net/claim/free-tokens/@user,1
https://dropbox.com/products/category/item?id=4920,0
https://facebook.com/blog/post/2026/09,0
https://www.wellsford.com/contact,0
https://www.netflix.com/,0
http://login.account-verify-microsoft365-online-portal.info/webmail/login?redirect=external,1
https://blog.facebook.com/products/category/item?id=4920,0
http://1.130.217.158/banking/validate-ssn.html,1
https://www.cloudflare.com/search?q=cybersecurity,0
http://secure.webmail-login-portal-microsoft365-online-portal.info/verify/@account/update,1
https://blog.microsoft.com,0
https://blog.apple.com,0
https://m.google.com/contact,0
https://m.paypal.com/search?q=cybersecurity,0
http://login.webmail-login-portal-chase-account-validation.top/webmail/login?redirect=external,1
http://auth.free-gift-claim-appleid-verify-service.org/verify/@account/update,1
https://update.apple-id-recovery-bankofamerica-secure-login.xyz/webmail/login?redirect=external,1
https://www.youtube.com/about,0
http://account.apple-id-recovery-chase-account-validation.top/verify/@account/update,1
https://api.instagram.com/help/center,0
https://auth.free-gift-claim-chase-account-validation.top/secure/auth.php?id=9201940&session=active,1
https://microsoft.com/search?q=cybersecurity,0
http://account.ssn-verification-required-microsoft365-online-portal.info/login.php?user=admin&token=89234892,1
https://support.twitter.com/help/center,0
https://api.mozilla.org/blog/post/2026/09,0
https://support.zoom.us/products/category/item?id=4920,0
https://blog.yahoo.com/help/center,0
http://update.unusual-activity-flag-secure-auth-login-check.com/verify/@account/update,1
http://71.85.113.239/claim/free-tokens/@user,1
http://78.158.110.82/login.php?user=admin&token=89234892,1
https://m.reddit.com/docs/v2/api,0
https://wikipedia.org/,0
https://login.apple-id-recovery-chase-account-validation.top/verify/@account/update,1
https://www.facebook.com/about,0
https://support.netflix.com/search?q=cybersecurity,0
https://chase.com/user/profile,0
https://support.microsoft.com/,0
http://auth.unusual-activity-flag-appleid-verify-service.org/secure/auth.php?id=9201940&session=active,1
https://support.bankofamerica.com,0
https://101.168.185.246/claim/free-tokens/@user,1
http://215.79.69.140/claim/free-tokens/@user,1
https://m.reddit.com/contact,0
http://secure.wallet-validation-192.168.1.105/secure/auth.php?id=9201940&session=active,1
https://auth.webmail-login-portal-secure-auth-login-check.com/claim/free-tokens/@user,1
http://verify.secure-login-appleid-verify-service.org/login.php?user=admin&token=89234892,1
http://57.185.249.39/webmail/login?redirect=external,1
https://m.trello.com/contact,0
http://auth.ssn-verification-required-login-banking-security-update.club/login.php?user=admin&token=89234892,1
http://update.unusual-activity-flag-paypal-account-update-alert.net/secure/auth.php?id=9201940&session=active,1
https://www.amazon.com/products/category/item?id=4920,0
https://blog.adobe.com/products/category/item?id=4920,0
https://support.netflix.com/blog/post/2026/09,0
https://account.unusual-activity-flag-appleid-verify-service.org/webmail/login?redirect=external,1
https://blog.cloudflare.com/search?q=cybersecurity,0
http://auth.paypal-security-alert-chase-account-validation.top/login.php?user=admin&token=89234892,1
https://support.paypal.com/products/category/item?id=4920,0
http://auth.microsoft-online-auth-account-recovery-portal-2026.online/claim/free-tokens/@user,1
https://m.reddit.com/help/center,0
https://auth.support-ticket-update-chase-account-validation.top/auth/checkpoint?usr=victim@example.com,1
https://auth.microsoft-online-auth-login-banking-security-update.club/webmail/login?redirect=external,1
http://update.confirm-identity-192.168.1.105/auth/checkpoint?usr=victim@example.com,1
https://login.banking-update-10.0.4.12/webmail/login?redirect=external,1
https://secure.account-verify-192.168.1.105/claim/free-tokens/@user,1
http://account.banking-update-microsoft365-online-portal.info/auth/checkpoint?usr=victim@example.com,1
https://blog.youtube.com/login,0
http://login.webmail-login-portal-secure-auth-login-check.com/verify/@account/update,1
http://secure.support-ticket-update-appleid-verify-service.org/banking/validate-ssn.html,1
http://login.ssn-verification-required-verify-your-credentials-now.tech/verify/@account/update,1
http://account.secure-login-chase-account-validation.top/banking/validate-ssn.html,1
https://m.trello.com/docs/v2/api,0
https://www.medium.com/,0
https://api.mozilla.org/contact,0
https://trello.com/login,0
http://secure.microsoft-online-auth-verify-your-credentials-now.tech/claim/free-tokens/@user,1
http://update.banking-update-account-recovery-portal-2026.online/secure/auth.php?id=9201940&session=active,1
https://www.linkedin.com/products/category/item?id=4920,0
https://chase.com/about,0
https://www.wellsford.com/search?q=cybersecurity,0
http://auth.apple-id-recovery-login-banking-security-update.club/secure/auth.php?id=9201940&session=active,1
https://support.facebook.com/help/center,0
https://support.amazon.com/products/category/item?id=4920,0
https://blog.paypal.com/user/profile,0
https://m.spotify.com/contact,0
http://update.banking-update-microsoft365-online-portal.info/claim/free-tokens/@user,1
https://www.facebook.com/settings/security,0
http://secure.support-ticket-update-appleid-verify-service.org/login.php?user=admin&token=89234892,1
https://linkedin.com/contact,0
https://secure.microsoft-online-auth-account-recovery-portal-2026.online/secure/auth.php?id=9201940&session=active,1
http://update.banking-update-login-banking-security-update.club/secure/auth.php?id=9201940&session=active,1
https://www.chase.com/user/profile,0
https://blog.wellsford.com/settings/security,0
https://support.paypal.com/products/category/item?id=4920,0
https://www.mozilla.org/blog/post/2026/09,0
https://login.free-gift-claim-paypal-account-update-alert.net/banking/validate-ssn.html,1
https://200.99.4.217/verify/@account/update,1
http://145.56.109.148/verify/@account/update,1
http://verify.microsoft-online-auth-192.168.1.105/banking/validate-ssn.html,1
https://bankofamerica.com/products/category/item?id=4920,0
http://update.apple-id-recovery-192.168.1.105/webmail/login?redirect=external,1
https://verify.banking-update-10.0.4.12/secure/auth.php?id=9201940&session=active,1
http://verify.ssn-verification-required-verify-your-credentials-now.tech/claim/free-tokens/@user,1
https://auth.wallet-validation-account-recovery-portal-2026.online/secure/auth.php?id=9201940&session=active,1
https://support.google.com/docs/v2/api,0
https://m.microsoft.com/,0
https://support.youtube.com/user/profile,0
https://support.yahoo.com/blog/post/2026/09,0
https://2.231.112.168/webmail/login?redirect=external,1
http://verify.free-gift-claim-chase-account-validation.top/secure/auth.php?id=9201940&session=active,1
https://48.61.216.136/auth/checkpoint?usr=victim@example.com,1
https://m.wellsford.com/contact,0
https://www.paypal.com/,0
http://auth.free-gift-claim-microsoft365-online-portal.info/claim/free-tokens/@user,1
https://api.medium.com/help/center,0
https://chase.com/dashboard/main,0
https://api.yahoo.com/user/profile,0
http://verify.ssn-verification-required-secure-auth-login-check.com/verify/@account/update,1
https://www.wordpress.org/login,0
https://224.105.109.146/webmail/login?redirect=external,1
http://account.unusual-activity-flag-account-recovery-portal-2026.online/claim/free-tokens/@user,1
https://blog.medium.com/help/center,0
http://127.141.67.12/login.php?user=admin&token=89234892,1
http://221.29.197.21/webmail/login?redirect=external,1
https://blog.twitter.com/login,0
https://verify.wallet-validation-microsoft365-online-portal.info/banking/validate-ssn.html,1
https://238.255.150.225/login.php?user=admin&token=89234892,1
http://156.233.88.31/webmail/login?redirect=external,1
https://98.40.223.231/banking/validate-ssn.html,1
http://update.banking-update-192.168.1.105/claim/free-tokens/@user,1
https://blog.dropbox.com/,0
https://128.204.83.160/login.php?user=admin&token=89234892,1
http://auth.free-gift-claim-bankofamerica-secure-login.xyz/claim/free-tokens/@user,1
https://support.wordpress.org/user/profile,0
http://auth.wallet-validation-account-recovery-portal-2026.online/auth/checkpoint?usr=victim@example.com,1
http://auth.ssn-verification-required-192.168.1.105/auth/checkpoint?usr=victim@example.com,1
https://m.wikipedia.org/contact,0
https://update.confirm-identity-10.0.4.12/auth/checkpoint?usr=victim@example.com,1
https://m.microsoft.com/help/center,0
http://auth.paypal-security-alert-10.0.4.12/webmail/login?redirect=external,1
https://www.yahoo.com/login,0
http://update.apple-id-recovery-10.0.4.12/secure/auth.php?id=9201940&session=active,1
https://m.adobe.com/login,0
https://www.linkedin.com/dashboard/main,0
http://58.24.8.51/secure/auth.php?id=9201940&session=active,1
http://login.ssn-verification-required-10.0.4.12/verify/@account/update,1
https://support.google.com/login,0
https://medium.com/help/center,0
http://login.wallet-validation-paypal-account-update-alert.net/webmail/login?redirect=external,1
http://account.webmail-login-portal-verify-your-credentials-now.tech/auth/checkpoint?usr=victim@example.com,1
http://184.20.74.18/verify/@account/update,1
https://www.wikipedia.org/,0
http://auth.free-gift-claim-10.0.4.12/auth/checkpoint?usr=victim@example.com,1
https://api.facebook.com/login,0
http://138.67.119.39/secure/auth.php?id=9201940&session=active,1
https://m.cloudflare.com/docs/v2/api,0
https://verify.unusual-activity-flag-login-banking-security-update.club/login.php?user=admin&token=89234892,1
http://secure.support-ticket-update-chase-account-validation.top/webmail/login?redirect=external,1
https://secure.apple-id-recovery-paypal-account-update-alert.net/secure/auth.php?id=9201940&session=active,1
https://blog.cloudflare.com/user/profile,0
http://login.secure-login-login-banking-security-update.club/login.php?user=admin&token=89234892,1
http://verify.webmail-login-portal-192.168.1.105/login.php?user=admin&token=89234892,1
https://support.apple.com,0
http://account.webmail-login-portal-microsoft365-online-portal.info/login.php?user=admin&token=89234892,1
https://api.instagram.com/user/profile,0
https://api.wikipedia.org/blog/post/2026/09,0
http://secure.unusual-activity-flag-verify-your-credentials-now.tech/secure/auth.php?id=9201940&session=active,1
https://m.wikipedia.org/contact,0
https://blog.wellsford.com,0
https://api.reddit.com/products/category/item?id=4920,0
https://trello.com/search?q=cybersecurity,0
https://m.slack.com/blog/post/2026/09,0
https://account.free-gift-claim-secure-auth-login-check.com/verify/@account/update,1
http://verify.unusual-activity-flag-verify-your-credentials-now.tech/claim/free-tokens/@user,1
https://api.linkedin.com/about,0
https://www.reddit.com/search?q=cybersecurity,0
https://mozilla.org/help/center,0
https://support.youtube.com/about,0
https://blog.microsoft.com/,0
https://support.linkedin.com/login,0
https://90.52.160.249/webmail/login?redirect=external,1
http://auth.apple-id-recovery-secure-auth-login-check.com/secure/auth.php?id=9201940&session=active,1
https://api.mozilla.org/dashboard/main,0
https://m.apple.com/products/category/item?id=4920,0
http://update.account-verify-verify-your-credentials-now.tech/webmail/login?redirect=external,1
http://219.92.142.99/banking/validate-ssn.html,1
https://auth.free-gift-claim-secure-auth-login-check.com/login.php?user=admin&token=89234892,1
http://26.140.248.91/webmail/login?redirect=external,1
https://account.free-gift-claim-microsoft365-online-portal.info/verify/@account/update,1
https://www.dropbox.com/docs/v2/api,0
https://verify.microsoft-online-auth-appleid-verify-service.org/banking/validate-ssn.html,1
https://blog.mozilla.org/dashboard/main,0
https://114.172.83.160/verify/@account/update,1
http://account.webmail-login-portal-secure-auth-login-check.com/login.php?user=admin&token=89234892,1
https://account.secure-login-bankofamerica-secure-login.xyz/verify/@account/update,1
http://secure.secure-login-login-banking-security-update.club/auth/checkpoint?usr=victim@example.com,1
https://blog.paypal.com/user/profile,0
http://253.118.165.162/auth/checkpoint?usr=victim@example.com,1
https://login.support-ticket-update-bankofamerica-secure-login.xyz/claim/free-tokens/@user,1
https://api.instagram.com,0
https://www.medium.com/dashboard/main,0
https://support.adobe.com/user/profile,0
https://auth.unusual-activity-flag-chase-account-validation.top/banking/validate-ssn.html,1
https://m.google.com/dashboard/main,0
https://support.chase.com/contact,0
https://support.facebook.com/help/center,0
https://blog.adobe.com,0
https://paypal.com/help/center,0
https://m.youtube.com/blog/post/2026/09,0
https://secure.webmail-login-portal-chase-account-validation.top/webmail/login?redirect=external,1
https://login.paypal-security-alert-secure-auth-login-check.com/webmail/login?redirect=external,1
https://api.trello.com/about,0
http://221.65.75.200/banking/validate-ssn.html,1
http://224.123.202.174/auth/checkpoint?usr=victim@example.com,1
https://api.yahoo.com/search?q=cybersecurity,0
https://support.yahoo.com/help/center,0
http://verify.banking-update-chase-account-validation.top/secure/auth.php?id=9201940&session=active,1
https://api.bankofamerica.com/,0
https://verify.support-ticket-update-login-banking-security-update.club/claim/free-tokens/@user,1
http://176.87.63.16/login.php?user=admin&token=89234892,1
http://login.apple-id-recovery-microsoft365-online-portal.info/banking/validate-ssn.html,1
https://blog.netflix.com/user/profile,0
https://support.facebook.com/help/center,0
http://account.confirm-identity-account-recovery-portal-2026.online/webmail/login?redirect=external,1
http://login.wallet-validation-paypal-account-update-alert.net/verify/@account/update,1
http://account.support-ticket-update-appleid-verify-service.org/claim/free-tokens/@user,1
https://bankofamerica.com/dashboard/main,0
https://m.github.com/dashboard/main,0
http://verify.banking-update-chase-account-validation.top/verify/@account/update,1
https://189.212.98.66/banking/validate-ssn.html,1
https://api.amazon.com/settings/security,0
https://blog.amazon.com/help/center,0
http://login.microsoft-online-auth-chase-account-validation.top/banking/validate-ssn.html,1
https://www.twitter.com/user/profile,0
https://api.spotify.com,0
https://support.trello.com,0
https://api.amazon.com/login,0
https://m.instagram.com/search?q=cybersecurity,0
http://201.6.250.82/verify/@account/update,1
https://secure.paypal-security-alert-chase-account-validation.top/verify/@account/update,1
http://update.ssn-verification-required-192.168.1.105/verify/@account/update,1
https://login.webmail-login-portal-paypal-account-update-alert.net/banking/validate-ssn.html,1
https://login.secure-login-appleid-verify-service.org/webmail/login?redirect=external,1
https://blog.medium.com/help/center,0
http://update.webmail-login-portal-microsoft365-online-portal.info/verify/@account/update,1
https://blog.cloudflare.com/docs/v2/api,0
https://api.wordpress.org,0
https://blog.mozilla.org/settings/security,0
http://verify.confirm-identity-login-banking-security-update.club/login.php?user=admin&token=89234892,1
https://account.paypal-security-alert-bankofamerica-secure-login.xyz/webmail/login?redirect=external,1
https://support.dropbox.com/login,0
https://m.instagram.com/settings/security,0
https://www.github.com/search?q=cybersecurity,0
http://update.microsoft-online-auth-secure-auth-login-check.com/claim/free-tokens/@user,1
https://login.wallet-validation-appleid-verify-service.org/claim/free-tokens/@user,1
https://api.wikipedia.org/dashboard/main,0
https://api.wikipedia.org,0
https://blog.youtube.com/help/center,0
https://www.youtube.com/search?q=cybersecurity,0
http://verify.support-ticket-update-login-banking-security-update.club/verify/@account/update,1
https://verify.apple-id-recovery-192.168.1.105/webmail/login?redirect=external,1
https://blog.github.com/,0
https://www.bankofamerica.com/products/category/item?id=4920,0
https://linkedin.com/contact,0
https://login.confirm-identity-account-recovery-portal-2026.online/auth/checkpoint?usr=victim@example.com,1
https://spotify.com/,0
https://m.zoom.us/blog/post/2026/09,0
http://secure.free-gift-claim-verify-your-credentials-now.tech/auth/checkpoint?usr=victim@example.com,1
https://m.instagram.com/settings/security,0
https://www.amazon.com/login,0
https://support.stackoverflow.com/contact,0
http://update.free-gift-claim-secure-auth-login-check.com/claim/free-tokens/@user,1
http://account.ssn-verification-required-10.0.4.12/banking/validate-ssn.html,1
https://verify.wallet-validation-verify-your-credentials-now.tech/login.php?user=admin&token=89234892,1
https://api.reddit.com/help/center,0
http://update.unusual-activity-flag-verify-your-credentials-now.tech/login.php?user=admin&token=89234892,1
http://secure.webmail-login-portal-chase-account-validation.top/verify/@account/update,1
https://account.confirm-identity-paypal-account-update-alert.net/webmail/login?redirect=external,1
https://api.cloudflare.com/products/category/item?id=4920,0
https://support.netflix.com/contact,0
https://blog.medium.com,0
http://auth.secure-login-secure-auth-login-check.com/auth/checkpoint?usr=victim@example.com,1
http://47.7.233.158/secure/auth.php?id=9201940&session=active,1
https://api.dropbox.com/search?q=cybersecurity,0
http://account.microsoft-online-auth-verify-your-credentials-now.tech/banking/validate-ssn.html,1
http://155.232.95.121/webmail/login?redirect=external,1
https://account.wallet-validation-paypal-account-update-alert.net/claim/free-tokens/@user,1
https://stackoverflow.com/blog/post/2026/09,0
https://m.zoom.us/login,0
http://243.230.24.42/banking/validate-ssn.html,1
https://spotify.com/help/center,0
https://secure.secure-login-verify-your-credentials-now.tech/secure/auth.php?id=9201940&session=active,1
http://verify.secure-login-login-banking-security-update.club/auth/checkpoint?usr=victim@example.com,1
https://support.stackoverflow.com/dashboard/main,0
http://update.microsoft-online-auth-appleid-verify-service.org/auth/checkpoint?usr=victim@example.com,1
http://129.23.70.136/auth/checkpoint?usr=victim@example.com,1
https://131.93.42.249/claim/free-tokens/@user,1
https://account.paypal-security-alert-10.0.4.12/login.php?user=admin&token=89234892,1
https://blog.wikipedia.org/contact,0
https://m.wikipedia.org/settings/security,0
https://auth.paypal-security-alert-account-recovery-portal-2026.online/verify/@account/update,1
http://login.banking-update-paypal-account-update-alert.net/banking/validate-ssn.html,1
http://account.wallet-validation-chase-account-validation.top/auth/checkpoint?usr=victim@example.com,1
http://update.apple-id-recovery-secure-auth-login-check.com/verify/@account/update,1
https://api.wellsford.com/settings/security,0
https://api.google.com/docs/v2/api,0
https://account.webmail-login-portal-verify-your-credentials-now.tech/banking/validate-ssn.html,1
http://auth.paypal-security-alert-login-banking-security-update.club/claim/free-tokens/@user,1
https://169.31.179.228/claim/free-tokens/@user,1
http://auth.microsoft-online-auth-chase-account-validation.top/webmail/login?redirect=external,1
https://api.medium.com/login,0
http://157.4.167.176/verify/@account/update,1
http://account.free-gift-claim-secure-auth-login-check.com/secure/auth.php?id=9201940&session=active,1
https://m.trello.com/,0
https://www.zoom.us/about,0
http://account.paypal-security-alert-192.168.1.105/secure/auth.php?id=9201940&session=active,1
https://medium.com/docs/v2/api,0
https://auth.banking-update-paypal-account-update-alert.net/login.php?user=admin&token=89234892,1
https://verify.banking-update-10.0.4.12/secure/auth.php?id=9201940&session=active,1
https://login.secure-login-login-banking-security-update.club/banking/validate-ssn.html,1
http://116.16.153.246/secure/auth.php?id=9201940&session=active,1
https://www.wordpress.org/search?q=cybersecurity,0
https://www.mozilla.org/login,0
https://support.google.com,0
https://m.medium.com/user/profile,0
https://update.apple-id-recovery-paypal-account-update-alert.net/webmail/login?redirect=external,1
https://m.google.com/dashboard/main,0
https://secure.support-ticket-update-appleid-verify-service.org/auth/checkpoint?usr=victim@example.com,1
https://support.wellsford.com/,0
https://support.trello.com/docs/v2/api,0
http://auth.account-verify-secure-auth-login-check.com/verify/@account/update,1
https://support.chase.com,0
https://www.wordpress.org/search?q=cybersecurity,0
https://update.apple-id-recovery-login-banking-security-update.club/auth/checkpoint?usr=victim@example.com,1
https://support.twitter.com/search?q=cybersecurity,0
https://github.com/about,0
https://adobe.com/about,0
https://blog.paypal.com/settings/security,0
https://blog.dropbox.com/products/category/item?id=4920,0
https://google.com/search?q=cybersecurity,0
https://login.support-ticket-update-appleid-verify-service.org/login.php?user=admin&token=89234892,1
https://api.zoom.us/about,0
http://202.225.146.1/login.php?user=admin&token=89234892,1
http://verify.paypal-security-alert-192.168.1.105/verify/@account/update,1
https://api.wellsford.com/login,0
http://account.microsoft-online-auth-10.0.4.12/auth/checkpoint?usr=victim@example.com,1
https://www.instagram.com/login,0
http://verify.confirm-identity-paypal-account-update-alert.net/claim/free-tokens/@user,1
https://support.chase.com/login,0
https://reddit.com/dashboard/main,0
http://verify.paypal-security-alert-10.0.4.12/auth/checkpoint?usr=victim@example.com,1
https://login.apple-id-recovery-login-banking-security-update.club/secure/auth.php?id=9201940&session=active,1
https://blog.instagram.com/,0
https://verify.secure-login-10.0.4.12/banking/validate-ssn.html,1
https://blog.netflix.com/docs/v2/api,0
https://apple.com/search?q=cybersecurity,0
http://account.webmail-login-portal-login-banking-security-update.club/login.php?user=admin&token=89234892,1
https://api.apple.com/contact,0
https://api.stackoverflow.com/products/category/item?id=4920,0
http://login.support-ticket-update-appleid-verify-service.org/webmail/login?redirect=external,1
https://blog.wikipedia.org/products/category/item?id=4920,0
https://instagram.com/login,0
https://blog.zoom.us/search?q=cybersecurity,0
http://login.webmail-login-portal-secure-auth-login-check.com/login.php?user=admin&token=89234892,1
https://api.chase.com/dashboard/main,0
https://api.google.com/about,0
https://support.apple.com/settings/security,0
https://mozilla.org/settings/security,0
http://account.microsoft-online-auth-192.168.1.105/webmail/login?redirect=external,1
https://auth.wallet-validation-login-banking-security-update.club/webmail/login?redirect=external,1
http://account.free-gift-claim-chase-account-validation.top/banking/validate-ssn.html,1
https://wellsford.com,0
http://update.confirm-identity-bankofamerica-secure-login.xyz/verify/@account/update,1
https://96.113.15.24/verify/@account/update,1
https://api.wikipedia.org,0
https://support.reddit.com/docs/v2/api,0
https://www.instagram.com/blog/post/2026/09,0
http://86.3.243.245/webmail/login?redirect=external,1
http://login.support-ticket-update-appleid-verify-service.org/auth/checkpoint?usr=victim@example.com,1
https://api.wellsford.com/blog/post/2026/09,0
http://100.230.191.151/banking/validate-ssn.html,1
https://api.dropbox.com/products/category/item?id=4920,0
https://m.yahoo.com/products/category/item?id=4920,0
https://support.bankofamerica.com/products/category/item?id=4920,0
https://update.ssn-verification-required-secure-auth-login-check.com/login.php?user=admin&token=89234892,1
http://verify.banking-update-microsoft365-online-portal.info/claim/free-tokens/@user,1
https://m.spotify.com/about,0
https://www.wordpress.org/docs/v2/api,0
https://m.apple.com/login,0
https://support.dropbox.com/settings/security,0
http://login.wallet-validation-chase-account-validation.top/secure/auth.php?id=9201940&session=active,1
https://stackoverflow.com,0
http://209.18.36.183/verify/@account/update,1
http://login.webmail-login-portal-appleid-verify-service.org/claim/free-tokens/@user,1
https://205.64.188.47/banking/validate-ssn.html,1
https://auth.secure-login-192.168.1.105/login.php?user=admin&token=89234892,1
https://www.mozilla.org/about,0
https://www.paypal.com/user/profile,0
https://login.secure-login-10.0.4.12/claim/free-tokens/@user,1
http://update.ssn-verification-required-paypal-account-update-alert.net/verify/@account/update,1
http://secure.free-gift-claim-verify-your-credentials-now.tech/claim/free-tokens/@user,1
https://bankofamerica.com/products/category/item?id=4920,0
https://api.wikipedia.org/about,0
https://www.stackoverflow.com/dashboard/main,0
https://blog.stackoverflow.com/search?q=cybersecurity,0
http://verify.microsoft-online-auth-paypal-account-update-alert.net/banking/validate-ssn.html,1
https://support.reddit.com/contact,0
http://42.46.242.103/auth/checkpoint?usr=victim@example.com,1
https://m.adobe.com/blog/post/2026/09,0
https://linkedin.com/login,0
http://auth.apple-id-recovery-secure-auth-login-check.com/login.php?user=admin&token=89234892,1
https://api.bankofamerica.com/search?q=cybersecurity,0
https://secure.ssn-verification-required-login-banking-security-update.club/webmail/login?redirect=external,1
https://api.instagram.com/products/category/item?id=4920,0
https://account.ssn-verification-required-bankofamerica-secure-login.xyz/secure/auth.php?id=9201940&session=active,1
https://spotify.com/,0
https://support.slack.com/blog/post/2026/09,0
https://22.58.237.92/verify/@account/update,1
https://trello.com/search?q=cybersecurity,0
http://auth.secure-login-bankofamerica-secure-login.xyz/webmail/login?redirect=external,1
https://wordpress.org/login,0
http://156.103.89.146/auth/checkpoint?usr=victim@example.com,1
https://blog.wellsford.com,0
http://205.246.192.12/auth/checkpoint?usr=victim@example.com,1
https://api.apple.com/search?q=cybersecurity,0
http://16.142.147.196/webmail/login?redirect=external,1
https://m.adobe.com/user/profile,0
https://dropbox.com,0
https://support.wikipedia.org/products/category/item?id=4920,0
https://update.unusual-activity-flag-192.168.1.105/secure/auth.php?id=9201940&session=active,1
https://www.amazon.com/help/center,0
https://api.netflix.com/user/profile,0
https://api.reddit.com/settings/security,0
http://248.60.11.85/claim/free-tokens/@user,1
https://blog.wikipedia.org/products/category/item?id=4920,0
https://api.chase.com/contact,0
https://linkedin.com,0
https://linkedin.com/login,0
https://www.instagram.com,0
http://login.unusual-activity-flag-verify-your-credentials-now.tech/login.php?user=admin&token=89234892,1
http://58.204.190.240/auth/checkpoint?usr=victim@example.com,1
https://support.mozilla.org/blog/post/2026/09,0
https://api.reddit.com/login,0
https://account.confirm-identity-secure-auth-login-check.com/banking/validate-ssn.html,1
http://178.57.180.126/login.php?user=admin&token=89234892,1
https://api.reddit.com/products/category/item?id=4920,0
http://update.confirm-identity-verify-your-credentials-now.tech/webmail/login?redirect=external,1
https://m.chase.com/,0
http://59.136.239.235/login.php?user=admin&token=89234892,1
http://auth.unusual-activity-flag-microsoft365-online-portal.info/secure/auth.php?id=9201940&session=active,1
https://support.medium.com,0
http://101.36.77.20/verify/@account/update,1
http://secure.secure-login-appleid-verify-service.org/banking/validate-ssn.html,1
https://www.yahoo.com/search?q=cybersecurity,0
http://62.17.168.68/webmail/login?redirect=external,1
http://account.webmail-login-portal-10.0.4.12/secure/auth.php?id=9201940&session=active,1
https://secure.wallet-validation-192.168.1.105/auth/checkpoint?usr=victim@example.com,1
http://188.117.4.55/login.php?user=admin&token=89234892,1
http://32.149.161.187/banking/validate-ssn.html,1
http://114.172.203.195/secure/auth.php?id=9201940&session=active,1
http://38.145.135.17/login.php?user=admin&token=89234892,1
http://login.banking-update-secure-auth-login-check.com/auth/checkpoint?usr=victim@example.com,1
https://support.adobe.com/help/center,0
https://zoom.us/docs/v2/api,0
https://account.banking-update-appleid-verify-service.org/auth/checkpoint?usr=victim@example.com,1
https://www.mozilla.org/search?q=cybersecurity,0
https://m.microsoft.com,0
http://auth.microsoft-online-auth-secure-auth-login-check.com/webmail/login?redirect=external,1
https://blog.chase.com/help/center,0
https://api.bankofamerica.com/about,0
https://www.youtube.com/user/profile,0
http://auth.unusual-activity-flag-10.0.4.12/auth/checkpoint?usr=victim@example.com,1
http://secure.microsoft-online-auth-login-banking-security-update.club/auth/checkpoint?usr=victim@example.com,1
https://blog.cloudflare.com/login,0
https://api.zoom.us/user/profile,0
http://7.3.135.186/secure/auth.php?id=9201940&session=active,1
https://google.com/docs/v2/api,0
https://update.secure-login-192.168.1.105/webmail/login?redirect=external,1
https://www.netflix.com/search?q=cybersecurity,0
https://api.apple.com/products/category/item?id=4920,0
http://auth.paypal-security-alert-chase-account-validation.top/verify/@account/update,1
https://account.paypal-security-alert-10.0.4.12/claim/free-tokens/@user,1
https://microsoft.com/search?q=cybersecurity,0
https://secure.unusual-activity-flag-10.0.4.12/secure/auth.php?id=9201940&session=active,1
http://verify.wallet-validation-secure-auth-login-check.com/webmail/login?redirect=external,1
https://blog.dropbox.com/dashboard/main,0
https://www.linkedin.com/,0
https://api.youtube.com/about,0
http://27.169.177.180/webmail/login?redirect=external,1
https://api.microsoft.com/search?q=cybersecurity,0
http://login.microsoft-online-auth-paypal-account-update-alert.net/banking/validate-ssn.html,1
http://account.free-gift-claim-secure-auth-login-check.com/secure/auth.php?id=9201940&session=active,1
http://175.23.29.196/verify/@account/update,1
https://m.yahoo.com/dashboard/main,0
http://auth.wallet-validation-verify-your-credentials-now.tech/verify/@account/update,1
https://m.google.com/contact,0
https://support.spotify.com/user/profile,0
https://account.confirm-identity-10.0.4.12/verify/@account/update,1
https://www.instagram.com/login,0
https://support.chase.com/search?q=cybersecurity,0
http://auth.free-gift-claim-appleid-verify-service.org/secure/auth.php?id=9201940&session=active,1
http://secure.free-gift-claim-bankofamerica-secure-login.xyz/verify/@account/update,1
http://login.support-ticket-update-microsoft365-online-portal.info/claim/free-tokens/@user,1
https://api.apple.com/products/category/item?id=4920,0
https://support.yahoo.com/contact,0
https://blog.medium.com/products/category/item?id=4920,0
https://login.wallet-validation-10.0.4.12/claim/free-tokens/@user,1
https://blog.chase.com/contact,0
https://www.medium.com,0
http://205.173.181.78/secure/auth.php?id=9201940&session=active,1
https://linkedin.com/contact,0
https://251.61.64.145/webmail/login?redirect=external,1
http://secure.microsoft-online-auth-login-banking-security-update.club/webmail/login?redirect=external,1
https://update.webmail-login-portal-10.0.4.12/webmail/login?redirect=external,1
https://api.wordpress.org/,0
http://187.51.165.183/login.php?user=admin&token=89234892,1
https://blog.zoom.us/dashboard/main,0
http://100.79.122.119/secure/auth.php?id=9201940&session=active,1
https://login.microsoft-online-auth-account-recovery-portal-2026.online/banking/validate-ssn.html,1
https://blog.youtube.com/contact,0
https://api.microsoft.com/contact,0
http://auth.unusual-activity-flag-login-banking-security-update.club/secure/auth.php?id=9201940&session=active,1
https://login.support-ticket-update-192.168.1.105/claim/free-tokens/@user,1
http://secure.wallet-validation-10.0.4.12/banking/validate-ssn.html,1
https://189.124.192.184/banking/validate-ssn.html,1
https://instagram.com/settings/security,0
http://secure.support-ticket-update-secure-auth-login-check.com/banking/validate-ssn.html,1
http://login.support-ticket-update-account-recovery-portal-2026.online/claim/free-tokens/@user,1
https://support.chase.com/dashboard/main,0
http://update.account-verify-chase-account-validation.top/claim/free-tokens/@user,1
https://m.twitter.com/login,0
https://chase.com/contact,0
http://auth.banking-update-bankofamerica-secure-login.xyz/secure/auth.php?id=9201940&session=active,1
http://auth.banking-update-login-banking-security-update.club/login.php?user=admin&token=89234892,1
http://secure.apple-id-recovery-account-recovery-portal-2026.online/claim/free-tokens/@user,1
https://blog.paypal.com/settings/security,0
https://www.cloudflare.com/blog/post/2026/09,0
https://youtube.com/help/center,0
https://m.bankofamerica.com/login,0
http://secure.unusual-activity-flag-appleid-verify-service.org/verify/@account/update,1
https://164.179.182.79/secure/auth.php?id=9201940&session=active,1
https://blog.twitter.com/help/center,0
https://blog.amazon.com/blog/post/2026/09,0
https://www.facebook.com/login,0
https://auth.confirm-identity-bankofamerica-secure-login.xyz/banking/validate-ssn.html,1
http://account.confirm-identity-secure-auth-login-check.com/login.php?user=admin&token=89234892,1
http://verify.secure-login-verify-your-credentials-now.tech/webmail/login?redirect=external,1
https://m.paypal.com/blog/post/2026/09,0
https://www.wordpress.org/settings/security,0
https://support.wellsford.com/about,0
https://www.reddit.com/user/profile,0
https://blog.amazon.com/dashboard/main,0
https://api.apple.com/settings/security,0
https://blog.apple.com/docs/v2/api,0
https://www.linkedin.com/dashboard/main,0
https://login.support-ticket-update-chase-account-validation.top/claim/free-tokens/@user,1
https://secure.secure-login-appleid-verify-service.org/auth/checkpoint?usr=victim@example.com,1
https://api.github.com/user/profile,0
https://www.twitter.com/products/category/item?id=4920,0
https://www.wikipedia.org/blog/post/2026/09,0
https://api.linkedin.com/,0
https://blog.wordpress.org/,0
http://login.confirm-identity-bankofamerica-secure-login.xyz/banking/validate-ssn.html,1
http://secure.apple-id-recovery-paypal-account-update-alert.net/secure/auth.php?id=9201940&session=active,1
http://update.secure-login-10.0.4.12/secure/auth.php?id=9201940&session=active,1
https://support.facebook.com/help/center,0
http://253.129.169.193/secure/auth.php?id=9201940&session=active,1
https://support.netflix.com/login,0
http://secure.webmail-login-portal-verify-your-credentials-now.tech/verify/@account/update,1
http://verify.confirm-identity-bankofamerica-secure-login.xyz/webmail/login?redirect=external,1
https://blog.medium.com,0
https://www.dropbox.com/blog/post/2026/09,0
https://yahoo.com/settings/security,0
http://auth.secure-login-account-recovery-portal-2026.online/webmail/login?redirect=external,1
https://stackoverflow.com/settings/security,0
https://blog.zoom.us/search?q=cybersecurity,0
https://account.paypal-security-alert-paypal-account-update-alert.net/webmail/login?redirect=external,1
https://support.slack.com/user/profile,0
https://m.yahoo.com/,0
http://75.126.58.118/verify/@account/update,1
http://auth.ssn-verification-required-appleid-verify-service.org/secure/auth.php?id=9201940&session=active,1
https://support.microsoft.com/search?q=cybersecurity,0
https://www.wikipedia.org/settings/security,0
https://www.twitter.com/about,0
https://adobe.com/dashboard/main,0
https://www.dropbox.com/blog/post/2026/09,0
https://linkedin.com/products/category/item?id=4920,0
http://secure.free-gift-claim-paypal-account-update-alert.net/login.php?user=admin&token=89234892,1
http://update.apple-id-recovery-account-recovery-portal-2026.online/claim/free-tokens/@user,1
https://twitter.com/contact,0
https://238.164.88.225/claim/free-tokens/@user,1
http://login.confirm-identity-login-banking-security-update.club/banking/validate-ssn.html,1
http://verify.wallet-validation-microsoft365-online-portal.info/secure/auth.php?id=9201940&session=active,1
http://153.114.92.152/secure/auth.php?id=9201940&session=active,1
https://blog.twitter.com/products/category/item?id=4920,0
https://api.apple.com/contact,0
http://188.198.123.246/webmail/login?redirect=external,1
http://login.banking-update-appleid-verify-service.org/claim/free-tokens/@user,1
https://verify.unusual-activity-flag-bankofamerica-secure-login.xyz/verify/@account/update,1
https://support.trello.com/login,0
https://login.paypal-security-alert-login-banking-security-update.club/verify/@account/update,1
https://www.medium.com/settings/security,0
https://blog.medium.com/help/center,0
https://www.medium.com/,0
https://www.medium.com/login,0
https://apple.com/search?q=cybersecurity,0
https://129.210.71.86/verify/@account/update,1
http://secure.webmail-login-portal-verify-your-credentials-now.tech/verify/@account/update,1
http://secure.apple-id-recovery-10.0.4.12/secure/auth.php?id=9201940&session=active,1
http://update.apple-id-recovery-account-recovery-portal-2026.online/claim/free-tokens/@user,1
https://update.secure-login-account-recovery-portal-2026.online/banking/validate-ssn.html,1
http://verify.microsoft-online-auth-192.168.1.105/claim/free-tokens/@user,1
http://199.142.90.37/webmail/login?redirect=external,1
https://blog.microsoft.com/help/center,0
http://update.wallet-validation-verify-your-credentials-now.tech/webmail/login?redirect=external,1
https://api.amazon.com/products/category/item?id=4920,0
http://account.banking-update-appleid-verify-service.org/login.php?user=admin&token=89234892,1
https://api.reddit.com,0
http://account.microsoft-online-auth-microsoft365-online-portal.info/auth/checkpoint?usr=victim@example.com,1
https://www.chase.com/settings/security,0
https://login.secure-login-secure-auth-login-check.com/claim/free-tokens/@user,1
https://www.trello.com/user/profile,0
https://blog.netflix.com/login,0
http://secure.account-verify-chase-account-validation.top/webmail/login?redirect=external,1
https://google.com/about,0
https://m.reddit.com/blog/post/2026/09,0
https://secure.paypal-security-alert-10.0.4.12/login.php?user=admin&token=89234892,1
http://229.171.223.42/login.php?user=admin&token=89234892,1
http://auth.paypal-security-alert-account-recovery-portal-2026.online/verify/@account/update,1
https://login.apple-id-recovery-microsoft365-online-portal.info/claim/free-tokens/@user,1
http://25.35.209.27/verify/@account/update,1
https://chase.com/contact,0
https://account.free-gift-claim-microsoft365-online-portal.info/webmail/login?redirect=external,1
http://login.webmail-login-portal-chase-account-validation.top/verify/@account/update,1
https://support.spotify.com/,0
http://136.41.119.95/banking/validate-ssn.html,1
https://update.confirm-identity-account-recovery-portal-2026.online/claim/free-tokens/@user,1
https://blog.wellsford.com/docs/v2/api,0
http://39.75.43.148/login.php?user=admin&token=89234892,1
http://secure.confirm-identity-chase-account-validation.top/banking/validate-ssn.html,1
https://verify.account-verify-chase-account-validation.top/login.php?user=admin&token=89234892,1
https://www.spotify.com/login,0
https://m.netflix.com/docs/v2/api,0
http://update.banking-update-appleid-verify-service.org/claim/free-tokens/@user,1
http://verify.apple-id-recovery-account-recovery-portal-2026.online/claim/free-tokens/@user,1
https://login.microsoft-online-auth-secure-auth-login-check.com/secure/auth.php?id=9201940&session=active,1
http://login.account-verify-microsoft365-online-portal.info/verify/@account/update,1
http://57.124.180.130/auth/checkpoint?usr=victim@example.com,1
https://support.microsoft.com/products/category/item?id=4920,0
https://netflix.com,0
https://www.adobe.com/dashboard/main,0
http://account.support-ticket-update-verify-your-credentials-now.tech/claim/free-tokens/@user,1
https://facebook.com/user/profile,0
https://login.secure-login-account-recovery-portal-2026.online/banking/validate-ssn.html,1
https://secure.webmail-login-portal-secure-auth-login-check.com/verify/@account/update,1
http://update.account-verify-microsoft365-online-portal.info/banking/validate-ssn.html,1
http://account.confirm-identity-secure-auth-login-check.com/webmail/login?redirect=external,1
https://7.71.197.54/webmail/login?redirect=external,1
https://api.bankofamerica.com/products/category/item?id=4920,0
http://verify.paypal-security-alert-chase-account-validation.top/verify/@account/update,1
http://105.48.218.12/banking/validate-ssn.html,1
http://secure.webmail-login-portal-verify-your-credentials-now.tech/banking/validate-ssn.html,1
https://account.unusual-activity-flag-microsoft365-online-portal.info/claim/free-tokens/@user,1
https://auth.confirm-identity-chase-account-validation.top/secure/auth.php?id=9201940&session=active,1
https://blog.cloudflare.com/dashboard/main,0
https://support.google.com/contact,0
https://www.twitter.com/help/center,0
https://auth.webmail-login-portal-login-banking-security-update.club/secure/auth.php?id=9201940&session=active,1
https://google.com/user/profile,0
https://www.wikipedia.org/login,0
http://update.banking-update-192.168.1.105/claim/free-tokens/@user,1
http://240.90.77.188/login.php?user=admin&token=89234892,1
https://blog.wikipedia.org/settings/security,0
https://blog.slack.com/docs/v2/api,0
http://auth.banking-update-login-banking-security-update.club/secure/auth.php?id=9201940&session=active,1
https://support.twitter.com/products/category/item?id=4920,0
http://98.35.185.51/claim/free-tokens/@user,1
https://support.google.com/help/center,0
https://api.dropbox.com/,0
https://www.microsoft.com,0
https://204.57.209.137/login.php?user=admin&token=89234892,1
https://api.stackoverflow.com,0
https://support.wellsford.com/user/profile,0
http://update.support-ticket-update-secure-auth-login-check.com/verify/@account/update,1
https://m.microsoft.com/help/center,0
http://auth.banking-update-appleid-verify-service.org/login.php?user=admin&token=89234892,1
https://api.yahoo.com/login,0
https://api.medium.com/contact,0
https://api.slack.com/help/center,0
http://verify.apple-id-recovery-microsoft365-online-portal.info/secure/auth.php?id=9201940&session=active,1
https://support.wikipedia.org,0
https://api.medium.com/blog/post/2026/09,0
https://229.193.183.242/auth/checkpoint?usr=victim@example.com,1
https://blog.slack.com/login,0
http://login.banking-update-account-recovery-portal-2026.online/login.php?user=admin&token=89234892,1
https://support.microsoft.com,0
http://update.paypal-security-alert-microsoft365-online-portal.info/claim/free-tokens/@user,1
http://auth.free-gift-claim-verify-your-credentials-now.tech/claim/free-tokens/@user,1
https://update.secure-login-chase-account-validation.top/secure/auth.php?id=9201940&session=active,1
https://support.trello.com/contact,0
http://verify.paypal-security-alert-microsoft365-online-portal.info/secure/auth.php?id=9201940&session=active,1
https://api.trello.com/user/profile,0
https://trello.com/dashboard/main,0
https://secure.webmail-login-portal-account-recovery-portal-2026.online/verify/@account/update,1
https://secure.account-verify-192.168.1.105/login.php?user=admin&token=89234892,1
https://reddit.com/search?q=cybersecurity,0
http://118.162.240.88/auth/checkpoint?usr=victim@example.com,1
https://blog.stackoverflow.com,0
http://14.247.43.243/webmail/login?redirect=external,1
https://api.stackoverflow.com/dashboard/main,0
https://support.bankofamerica.com/products/category/item?id=4920,0
https://login.microsoft-online-auth-10.0.4.12/webmail/login?redirect=external,1
http://153.78.152.204/claim/free-tokens/@user,1
https://mozilla.org/login,0
https://m.trello.com/login,0
http://147.57.175.51/auth/checkpoint?usr=victim@example.com,1
http://57.218.47.77/secure/auth.php?id=9201940&session=active,1
http://auth.ssn-verification-required-account-recovery-portal-2026.online/auth/checkpoint?usr=victim@example.com,1
https://m.github.com/,0
http://54.91.163.142/claim/free-tokens/@user,1
https://m.stackoverflow.com/login,0
https://m.netflix.com/settings/security,0
http://update.ssn-verification-required-appleid-verify-service.org/webmail/login?redirect=external,1
http://update.banking-update-10.0.4.12/verify/@account/update,1
http://177.27.210.167/login.php?user=admin&token=89234892,1
http://account.paypal-security-alert-appleid-verify-service.org/auth/checkpoint?usr=victim@example.com,1
http://verify.unusual-activity-flag-paypal-account-update-alert.net/webmail/login?redirect=external,1
https://237.17.113.146/webmail/login?redirect=external,1
http://login.account-verify-microsoft365-online-portal.info/webmail/login?redirect=external,1
https://dropbox.com/,0
https://support.mozilla.org/dashboard/main,0
https://m.chase.com/blog/post/2026/09,0
https://m.zoom.us/login,0
https://api.facebook.com/about,0
https://43.160.19.217/secure/auth.php?id=9201940&session=active,1
https://update.support-ticket-update-chase-account-validation.top/login.php?user=admin&token=89234892,1
https://www.zoom.us/user/profile,0
https://blog.yahoo.com/search?q=cybersecurity,0
http://auth.paypal-security-alert-login-banking-security-update.club/webmail/login?redirect=external,1
http://account.support-ticket-update-paypal-account-update-alert.net/login.php?user=admin&token=89234892,1
http://secure.webmail-login-portal-verify-your-credentials-now.tech/secure/auth.php?id=9201940&session=active,1
https://support.apple.com/help/center,0
https://api.cloudflare.com/dashboard/main,0
https://api.cloudflare.com/search?q=cybersecurity,0
http://100.202.56.197/claim/free-tokens/@user,1
https://wellsford.com/user/profile,0
https://38.0.161.178/auth/checkpoint?usr=victim@example.com,1
https://api.netflix.com/user/profile,0
http://account.paypal-security-alert-secure-auth-login-check.com/auth/checkpoint?usr=victim@example.com,1
https://support.wikipedia.org,0
https://support.youtube.com/products/category/item?id=4920,0
http://verify.paypal-security-alert-bankofamerica-secure-login.xyz/login.php?user=admin&token=89234892,1
http://login.apple-id-recovery-bankofamerica-secure-login.xyz/auth/checkpoint?usr=victim@example.com,1
http://auth.webmail-login-portal-login-banking-security-update.club/auth/checkpoint?usr=victim@example.com,1
http://verify.secure-login-bankofamerica-secure-login.xyz/verify/@account/update,1
https://blog.reddit.com/dashboard/main,0
http://update.ssn-verification-required-verify-your-credentials-now.tech/verify/@account/update,1
https://www.youtube.com/login,0
https://account.apple-id-recovery-verify-your-credentials-now.tech/secure/auth.php?id=9201940&session=active,1
https://www.apple.com,0
http://32.104.215.225/login.php?user=admin&token=89234892,1
https://www.amazon.com/settings/security,0
http://account.secure-login-secure-auth-login-check.com/verify/@account/update,1
https://www.spotify.com/docs/v2/api,0
http://login.confirm-identity-login-banking-security-update.club/secure/auth.php?id=9201940&session=active,1
http://241.7.195.180/secure/auth.php?id=9201940&session=active,1
https://verify.webmail-login-portal-chase-account-validation.top/login.php?user=admin&token=89234892,1
https://support.trello.com/user/profile,0
https://support.mozilla.org/contact,0
http://verify.secure-login-login-banking-security-update.club/webmail/login?redirect=external,1
https://api.yahoo.com/login,0
https://blog.trello.com/products/category/item?id=4920,0
https://secure.wallet-validation-appleid-verify-service.org/webmail/login?redirect=external,1
https://m.medium.com/search?q=cybersecurity,0
https://www.twitter.com/login,0
https://www.paypal.com/docs/v2/api,0
https://198.24.87.39/secure/auth.php?id=9201940&session=active,1
https://m.twitter.com,0
https://blog.facebook.com/contact,0
https://74.86.159.202/login.php?user=admin&token=89234892,1
https://102.27.140.182/webmail/login?redirect=external,1
https://blog.trello.com/search?q=cybersecurity,0
https://api.facebook.com,0
https://m.wordpress.org/about,0
https://blog.apple.com/products/category/item?id=4920,0
https://m.wikipedia.org/blog/post/2026/09,0
https://login.support-ticket-update-account-recovery-portal-2026.online/auth/checkpoint?usr=victim@example.com,1
https://update.wallet-validation-paypal-account-update-alert.net/login.php?user=admin&token=89234892,1
http://secure.ssn-verification-required-192.168.1.105/webmail/login?redirect=external,1
http://82.219.30.141/webmail/login?redirect=external,1
http://25.38.105.31/auth/checkpoint?usr=victim@example.com,1
https://login.secure-login-bankofamerica-secure-login.xyz/banking/validate-ssn.html,1
https://www.youtube.com/user/profile,0
http://update.free-gift-claim-bankofamerica-secure-login.xyz/verify/@account/update,1
https://login.microsoft-online-auth-appleid-verify-service.org/webmail/login?redirect=external,1
http://16.45.144.9/auth/checkpoint?usr=victim@example.com,1
https://verify.microsoft-online-auth-microsoft365-online-portal.info/claim/free-tokens/@user,1
https://support.wikipedia.org/,0
http://account.support-ticket-update-paypal-account-update-alert.net/banking/validate-ssn.html,1
https://209.99.32.194/webmail/login?redirect=external,1
http://account.support-ticket-update-10.0.4.12/banking/validate-ssn.html,1
https://api.amazon.com/user/profile,0
https://reddit.com/about,0
https://blog.adobe.com/contact,0
https://verify.unusual-activity-flag-secure-auth-login-check.com/auth/checkpoint?usr=victim@example.com,1
http://149.143.223.249/webmail/login?redirect=external,1
http://secure.confirm-identity-login-banking-security-update.club/banking/validate-ssn.html,1
https://blog.github.com/login,0
https://dropbox.com/help/center,0
http://verify.account-verify-10.0.4.12/login.php?user=admin&token=89234892,1
http://secure.ssn-verification-required-10.0.4.12/claim/free-tokens/@user,1
https://www.amazon.com/settings/security,0
http://update.free-gift-claim-paypal-account-update-alert.net/login.php?user=admin&token=89234892,1
https://support.bankofamerica.com/about,0
http://9.186.152.74/claim/free-tokens/@user,1
https://secure.paypal-security-alert-chase-account-validation.top/webmail/login?redirect=external,1
http://245.159.220.127/verify/@account/update,1
http://update.free-gift-claim-verify-your-credentials-now.tech/login.php?user=admin&token=89234892,1
https://m.apple.com/settings/security,0
https://reddit.com/products/category/item?id=4920,0
https://blog.apple.com/login,0
http://account.paypal-security-alert-login-banking-security-update.club/banking/validate-ssn.html,1
https://112.187.232.129/webmail/login?redirect=external,1
http://update.wallet-validation-account-recovery-portal-2026.online/banking/validate-ssn.html,1
http://update.webmail-login-portal-appleid-verify-service.org/login.php?user=admin&token=89234892,1
https://m.reddit.com/login,0
http://auth.microsoft-online-auth-login-banking-security-update.club/auth/checkpoint?usr=victim@example.com,1
https://api.yahoo.com/blog/post/2026/09,0
http://account.banking-update-bankofamerica-secure-login.xyz/auth/checkpoint?usr=victim@example.com,1
http://verify.unusual-activity-flag-bankofamerica-secure-login.xyz/webmail/login?redirect=external,1
https://bankofamerica.com/about,0
http://auth.webmail-login-portal-verify-your-credentials-now.tech/secure/auth.php?id=9201940&session=active,1
http://account.secure-login-microsoft365-online-portal.info/claim/free-tokens/@user,1
https://www.zoom.us/login,0
https://www.yahoo.com/search?q=cybersecurity,0
https://www.twitter.com/products/category/item?id=4920,0
http://auth.secure-login-bankofamerica-secure-login.xyz/login.php?user=admin&token=89234892,1
https://blog.youtube.com/search?q=cybersecurity,0
https://api.slack.com/settings/security,0
https://support.twitter.com/blog/post/2026/09,0
https://m.dropbox.com/docs/v2/api,0
https://blog.cloudflare.com/contact,0
https://support.google.com/contact,0
http://secure.free-gift-claim-microsoft365-online-portal.info/claim/free-tokens/@user,1
http://166.250.72.82/secure/auth.php?id=9201940&session=active,1
https://www.twitter.com/docs/v2/api,0
https://auth.microsoft-online-auth-login-banking-security-update.club/secure/auth.php?id=9201940&session=active,1
http://login.banking-update-appleid-verify-service.org/verify/@account/update,1
https://blog.trello.com/help/center,0
http://auth.confirm-identity-login-banking-security-update.club/secure/auth.php?id=9201940&session=active,1
https://account.webmail-login-portal-secure-auth-login-check.com/login.php?user=admin&token=89234892,1
https://m.microsoft.com/blog/post/2026/09,0
http://secure.confirm-identity-192.168.1.105/claim/free-tokens/@user,1
http://auth.paypal-security-alert-10.0.4.12/webmail/login?redirect=external,1
https://netflix.com/user/profile,0
https://instagram.com/blog/post/2026/09,0
https://login.confirm-identity-microsoft365-online-portal.info/auth/checkpoint?usr=victim@example.com,1
http://login.apple-id-recovery-microsoft365-online-portal.info/login.php?user=admin&token=89234892,1
https://api.stackoverflow.com/docs/v2/api,0
https://www.reddit.com/settings/security,0
https://support.apple.com,0
http://update.wallet-validation-paypal-account-update-alert.net/login.php?user=admin&token=89234892,1
http://246.105.152.191/login.php?user=admin&token=89234892,1
http://152.85.7.133/claim/free-tokens/@user,1
http://verify.confirm-identity-paypal-account-update-alert.net/webmail/login?redirect=external,1
https://verify.apple-id-recovery-verify-your-credentials-now.tech/login.php?user=admin&token=89234892,1
https://support.wordpress.org/settings/security,0
https://support.yahoo.com/products/category/item?id=4920,0
https://account.account-verify-bankofamerica-secure-login.xyz/secure/auth.php?id=9201940&session=active,1
https://www.netflix.com/contact,0
https://www.wikipedia.org/search?q=cybersecurity,0
http://login.apple-id-recovery-chase-account-validation.top/secure/auth.php?id=9201940&session=active,1
https://secure.secure-login-account-recovery-portal-2026.online/banking/validate-ssn.html,1
https://support.netflix.com/user/profile,0
http://account.wallet-validation-paypal-account-update-alert.net/auth/checkpoint?usr=victim@example.com,1
https://blog.netflix.com,0
http://account.wallet-validation-secure-auth-login-check.com/verify/@account/update,1
http://secure.banking-update-192.168.1.105/webmail/login?redirect=external,1
https://www.microsoft.com/docs/v2/api,0
https://bankofamerica.com/dashboard/main,0
https://api.trello.com/about,0
https://support.netflix.com/blog/post/2026/09,0
https://api.youtube.com/search?q=cybersecurity,0
http://161.34.70.149/auth/checkpoint?usr=victim@example.com,1
https://login.confirm-identity-account-recovery-portal-2026.online/auth/checkpoint?usr=victim@example.com,1
https://auth.secure-login-account-recovery-portal-2026.online/auth/checkpoint?usr=victim@example.com,1
https://verify.secure-login-chase-account-validation.top/verify/@account/update,1
https://blog.youtube.com/login,0
https://api.adobe.com/about,0
http://login.secure-login-10.0.4.12/banking/validate-ssn.html,1
https://api.yahoo.com/,0
http://186.66.133.165/secure/auth.php?id=9201940&session=active,1
https://35.52.197.3/login.php?user=admin&token=89234892,1
http://88.151.114.24/webmail/login?redirect=external,1
https://blog.amazon.com/settings/security,0
http://73.166.89.139/secure/auth.php?id=9201940&session=active,1
https://blog.wikipedia.org/login,0
https://97.83.102.83/auth/checkpoint?usr=victim@example.com,1
http://verify.ssn-verification-required-appleid-verify-service.org/login.php?user=admin&token=89234892,1
https://209.136.64.161/auth/checkpoint?usr=victim@example.com,1
http://update.secure-login-verify-your-credentials-now.tech/banking/validate-ssn.html,1
http://107.192.252.24/verify/@account/update,1
https://login.apple-id-recovery-account-recovery-portal-2026.online/verify/@account/update,1
https://221.180.48.5/auth/checkpoint?usr=victim@example.com,1
http://2.242.8.36/auth/checkpoint?usr=victim@example.com,1
http://update.microsoft-online-auth-10.0.4.12/banking/validate-ssn.html,1
http://login.microsoft-online-auth-10.0.4.12/auth/checkpoint?usr=victim@example.com,1
https://support.apple.com/search?q=cybersecurity,0
https://auth.microsoft-online-auth-bankofamerica-secure-login.xyz/secure/auth.php?id=9201940&session=active,1
https://blog.twitter.com/login,0
https://bankofamerica.com/login,0
https://www.wellsford.com/search?q=cybersecurity,0
https://trello.com/contact,0
http://verify.support-ticket-update-10.0.4.12/banking/validate-ssn.html,1
https://www.wellsford.com/dashboard/main,0
https://support.reddit.com/dashboard/main,0
https://m.wikipedia.org/about,0
https://api.slack.com/products/category/item?id=4920,0
http://login.wallet-validation-bankofamerica-secure-login.xyz/verify/@account/update,1
http://verify.support-ticket-update-account-recovery-portal-2026.online/verify/@account/update,1
https://support.wordpress.org/login,0
http://login.microsoft-online-auth-10.0.4.12/auth/checkpoint?usr=victim@example.com,1
https://www.slack.com/blog/post/2026/09,0
http://account.ssn-verification-required-secure-auth-login-check.com/claim/free-tokens/@user,1
http://153.125.53.44/login.php?user=admin&token=89234892,1
https://www.chase.com/user/profile,0
https://support.slack.com/settings/security,0
http://account.webmail-login-portal-chase-account-validation.top/login.php?user=admin&token=89234892,1
http://secure.banking-update-microsoft365-online-portal.info/claim/free-tokens/@user,1
https://www.twitter.com,0
http://update.banking-update-192.168.1.105/auth/checkpoint?usr=victim@example.com,1
http://200.57.148.85/login.php?user=admin&token=89234892,1
http://196.142.162.1/verify/@account/update,1
https://m.github.com/login,0
https://auth.unusual-activity-flag-verify-your-credentials-now.tech/login.php?user=admin&token=89234892,1
https://blog.apple.com/blog/post/2026/09,0
https://secure.ssn-verification-required-login-banking-security-update.club/claim/free-tokens/@user,1
https://www.medium.com/user/profile,0
https://m.linkedin.com/help/center,0
http://verify.free-gift-claim-192.168.1.105/banking/validate-ssn.html,1
https://paypal.com/,0
https://blog.youtube.com/settings/security,0
https://api.medium.com/docs/v2/api,0
http://189.233.235.126/login.php?user=admin&token=89234892,1
https://linkedin.com/about,0
https://wordpress.org/settings/security,0
https://netflix.com/search?q=cybersecurity,0
https://www.adobe.com/login,0
https://m.instagram.com/search?q=cybersecurity,0
http://auth.banking-update-account-recovery-portal-2026.online/claim/free-tokens/@user,1
https://blog.netflix.com/blog/post/2026/09,0
https://blog.apple.com/login,0
https://69.137.211.251/auth/checkpoint?usr=victim@example.com,1
http://secure.banking-update-chase-account-validation.top/login.php?user=admin&token=89234892,1
https://92.146.11.9/claim/free-tokens/@user,1
http://247.151.86.219/claim/free-tokens/@user,1
https://m.linkedin.com/blog/post/2026/09,0
https://www.facebook.com/dashboard/main,0
https://blog.medium.com/products/category/item?id=4920,0
https://www.slack.com/docs/v2/api,0
http://secure.unusual-activity-flag-account-recovery-portal-2026.online/auth/checkpoint?usr=victim@example.com,1
http://143.142.87.131/secure/auth.php?id=9201940&session=active,1
http://verify.webmail-login-portal-192.168.1.105/verify/@account/update,1
https://www.apple.com/settings/security,0
http://auth.paypal-security-alert-account-recovery-portal-2026.online/secure/auth.php?id=9201940&session=active,1
http://105.216.26.61/banking/validate-ssn.html,1
https://netflix.com/user/profile,0
http://43.149.240.206/verify/@account/update,1
https://www.stackoverflow.com/about,0
http://login.paypal-security-alert-login-banking-security-update.club/banking/validate-ssn.html,1
http://update.unusual-activity-flag-paypal-account-update-alert.net/login.php?user=admin&token=89234892,1
https://wellsford.com/products/category/item?id=4920,0
https://reddit.com/,0
http://auth.paypal-security-alert-10.0.4.12/login.php?user=admin&token=89234892,1
https://api.instagram.com/contact,0
http://update.paypal-security-alert-appleid-verify-service.org/claim/free-tokens/@user,1
http://verify.unusual-activity-flag-10.0.4.12/verify/@account/update,1
https://auth.free-gift-claim-microsoft365-online-portal.info/banking/validate-ssn.html,1
https://secure.support-ticket-update-account-recovery-portal-2026.online/secure/auth.php?id=9201940&session=active,1
http://secure.free-gift-claim-chase-account-validation.top/auth/checkpoint?usr=victim@example.com,1
https://blog.wikipedia.org/dashboard/main,0
https://verify.support-ticket-update-appleid-verify-service.org/verify/@account/update,1
https://update.unusual-activity-flag-chase-account-validation.top/auth/checkpoint?usr=victim@example.com,1
https://support.youtube.com/contact,0
https://www.stackoverflow.com/dashboard/main,0
https://125.36.194.109/secure/auth.php?id=9201940&session=active,1
https://123.113.109.138/secure/auth.php?id=9201940&session=active,1
https://secure.banking-update-10.0.4.12/claim/free-tokens/@user,1
https://secure.wallet-validation-192.168.1.105/claim/free-tokens/@user,1
http://update.unusual-activity-flag-account-recovery-portal-2026.online/banking/validate-ssn.html,1
https://blog.google.com/search?q=cybersecurity,0
http://177.184.118.41/auth/checkpoint?usr=victim@example.com,1
https://api.yahoo.com/products/category/item?id=4920,0
https://support.reddit.com/search?q=cybersecurity,0
https://api.cloudflare.com/login,0
https://m.wordpress.org/,0
https://support.linkedin.com/,0
http://account.microsoft-online-auth-192.168.1.105/claim/free-tokens/@user,1
https://login.paypal-security-alert-login-banking-security-update.club/webmail/login?redirect=external,1
http://auth.unusual-activity-flag-appleid-verify-service.org/webmail/login?redirect=external,1
https://www.github.com/,0
https://blog.amazon.com/settings/security,0
https://paypal.com/user/profile,0
https://auth.support-ticket-update-appleid-verify-service.org/secure/auth.php?id=9201940&session=active,1
https://yahoo.com/help/center,0
http://242.126.30.88/verify/@account/update,1
http://72.14.195.108/login.php?user=admin&token=89234892,1
http://verify.ssn-verification-required-verify-your-credentials-now.tech/claim/free-tokens/@user,1
https://support.youtube.com/help/center,0
http://secure.banking-update-10.0.4.12/banking/validate-ssn.html,1
https://api.dropbox.com/user/profile,0
https://update.free-gift-claim-secure-auth-login-check.com/login.php?user=admin&token=89234892,1
http://login.support-ticket-update-secure-auth-login-check.com/secure/auth.php?id=9201940&session=active,1
https://update.confirm-identity-chase-account-validation.top/claim/free-tokens/@user,1
https://api.paypal.com/user/profile,0
https://www.twitter.com/contact,0
https://186.115.124.183/secure/auth.php?id=9201940&session=active,1
https://blog.instagram.com/settings/security,0
https://auth.paypal-security-alert-bankofamerica-secure-login.xyz/verify/@account/update,1
https://blog.linkedin.com/user/profile,0
https://www.spotify.com/,0
https://account.account-verify-login-banking-security-update.club/auth/checkpoint?usr=victim@example.com,1
https://blog.paypal.com/about,0
http://verify.banking-update-paypal-account-update-alert.net/login.php?user=admin&token=89234892,1
http://verify.paypal-security-alert-appleid-verify-service.org/webmail/login?redirect=external,1
http://verify.paypal-security-alert-secure-auth-login-check.com/webmail/login?redirect=external,1
https://www.dropbox.com/products/category/item?id=4920,0
https://m.bankofamerica.com/help/center,0
https://www.youtube.com/dashboard/main,0
https://48.9.181.205/secure/auth.php?id=9201940&session=active,1
https://blog.zoom.us/about,0
https://support.amazon.com/settings/security,0
http://update.wallet-validation-paypal-account-update-alert.net/claim/free-tokens/@user,1
https://www.amazon.com/login,0
https://www.reddit.com/blog/post/2026/09,0
https://m.trello.com/about,0
https://blog.mozilla.org/login,0
https://m.wordpress.org/login,0
https://support.paypal.com/help/center,0
https://verify.confirm-identity-login-banking-security-update.club/verify/@account/update,1
http://update.account-verify-paypal-account-update-alert.net/webmail/login?redirect=external,1
https://www.stackoverflow.com/products/category/item?id=4920,0
https://twitter.com/products/category/item?id=4920,0
https://m.instagram.com/docs/v2/api,0
https://m.instagram.com/docs/v2/api,0
http://login.confirm-identity-secure-auth-login-check.com/login.php?user=admin&token=89234892,1
https://blog.twitter.com/settings/security,0
https://www.yahoo.com/about,0
https://verify.webmail-login-portal-paypal-account-update-alert.net/banking/validate-ssn.html,1
http://login.free-gift-claim-10.0.4.12/secure/auth.php?id=9201940&session=active,1
http://secure.paypal-security-alert-appleid-verify-service.org/auth/checkpoint?usr=victim@example.com,1
http://127.254.144.144/webmail/login?redirect=external,1
https://m.netflix.com/user/profile,0
https://support.github.com/search?q=cybersecurity,0
https://m.stackoverflow.com,0
http://update.paypal-security-alert-bankofamerica-secure-login.xyz/secure/auth.php?id=9201940&session=active,1
https://api.microsoft.com,0
https://verify.free-gift-claim-chase-account-validation.top/webmail/login?redirect=external,1
http://1.40.35.227/login.php?user=admin&token=89234892,1
https://www.amazon.com/about,0
https://amazon.com/about,0
http://auth.webmail-login-portal-verify-your-credentials-now.tech/login.php?user=admin&token=89234892,1
https://blog.facebook.com/products/category/item?id=4920,0
http://update.paypal-security-alert-appleid-verify-service.org/login.php?user=admin&token=89234892,1
https://yahoo.com/products/category/item?id=4920,0
http://verify.paypal-security-alert-paypal-account-update-alert.net/login.php?user=admin&token=89234892,1
https://auth.wallet-validation-paypal-account-update-alert.net/secure/auth.php?id=9201940&session=active,1
http://secure.account-verify-microsoft365-online-portal.info/webmail/login?redirect=external,1
https://api.cloudflare.com/login,0
https://login.secure-login-10.0.4.12/auth/checkpoint?usr=victim@example.com,1
https://m.facebook.com/,0
https://www.netflix.com/dashboard/main,0
https://support.zoom.us/contact,0
https://api.medium.com/about,0
https://api.apple.com,0
https://www.instagram.com/search?q=cybersecurity,0
http://202.126.159.65/verify/@account/update,1
https://google.com/dashboard/main,0
http://secure.account-verify-chase-account-validation.top/verify/@account/update,1
https://support.mozilla.org/settings/security,0
http://221.195.178.157/auth/checkpoint?usr=victim@example.com,1
https://mozilla.org,0
https://m.wordpress.org/search?q=cybersecurity,0
https://support.medium.com/search?q=cybersecurity,0
http://account.microsoft-online-auth-microsoft365-online-portal.info/banking/validate-ssn.html,1
https://m.netflix.com/products/category/item?id=4920,0
https://236.249.25.207/claim/free-tokens/@user,1
http://account.free-gift-claim-login-banking-security-update.club/claim/free-tokens/@user,1
https://auth.microsoft-online-auth-login-banking-security-update.club/login.php?user=admin&token=89234892,1
https://api.wordpress.org,0
http://202.175.140.188/secure/auth.php?id=9201940&session=active,1
https://www.medium.com/about,0
https://verify.account-verify-192.168.1.105/claim/free-tokens/@user,1
https://blog.cloudflare.com/settings/security,0
http://account.wallet-validation-bankofamerica-secure-login.xyz/webmail/login?redirect=external,1
http://account.webmail-login-portal-verify-your-credentials-now.tech/secure/auth.php?id=9201940&session=active,1
http://auth.free-gift-claim-microsoft365-online-portal.info/auth/checkpoint?usr=victim@example.com,1
https://m.wordpress.org/login,0
https://api.wordpress.org/about,0
https://reddit.com/contact,0
https://support.zoom.us/dashboard/main,0
https://www.yahoo.com/products/category/item?id=4920,0
https://192.160.93.138/auth/checkpoint?usr=victim@example.com,1
https://www.twitter.com/contact,0
http://verify.microsoft-online-auth-192.168.1.105/banking/validate-ssn.html,1
http://verify.webmail-login-portal-10.0.4.12/auth/checkpoint?usr=victim@example.com,1
https://support.dropbox.com/blog/post/2026/09,0
http://update.ssn-verification-required-chase-account-validation.top/verify/@account/update,1
https://login.ssn-verification-required-appleid-verify-service.org/secure/auth.php?id=9201940&session=active,1
http://account.account-verify-verify-your-credentials-now.tech/claim/free-tokens/@user,1
https://www.google.com/about,0
https://api.zoom.us/search?q=cybersecurity,0
https://wikipedia.org/dashboard/main,0
http://166.9.32.96/auth/checkpoint?usr=victim@example.com,1
https://207.25.144.150/banking/validate-ssn.html,1
https://m.linkedin.com/settings/security,0
http://login.wallet-validation-microsoft365-online-portal.info/banking/validate-ssn.html,1
https://www.mozilla.org/,0
https://blog.wikipedia.org/contact,0
https://support.amazon.com/dashboard/main,0
https://login.microsoft-online-auth-verify-your-credentials-now.tech/login.php?user=admin&token=89234892,1
http://249.70.5.236/auth/checkpoint?usr=victim@example.com,1
https://paypal.com/contact,0
https://blog.slack.com/blog/post/2026/09,0
https://youtube.com/login,0
http://auth.confirm-identity-verify-your-credentials-now.tech/login.php?user=admin&token=89234892,1
https://blog.medium.com/products/category/item?id=4920,0
http://account.microsoft-online-auth-verify-your-credentials-now.tech/login.php?user=admin&token=89234892,1
http://login.confirm-identity-10.0.4.12/webmail/login?redirect=external,1
https://blog.wellsford.com/products/category/item?id=4920,0
https://m.wordpress.org/docs/v2/api,0
https://account.banking-update-account-recovery-portal-2026.online/secure/auth.php?id=9201940&session=active,1
https://m.netflix.com/search?q=cybersecurity,0
https://234.78.237.96/claim/free-tokens/@user,1
https://zoom.us/help/center,0
https://support.stackoverflow.com/about,0
https://support.bankofamerica.com/docs/v2/api,0
https://auth.confirm-identity-account-recovery-portal-2026.online/verify/@account/update,1
http://114.29.85.196/login.php?user=admin&token=89234892,1
http://account.banking-update-chase-account-validation.top/verify/@account/update,1
